序号,交易地点,交易类型,终端编号,交易时间,交易金额(元)
1,紫荆服务楼一层北入口,领取圈存,30000008,2017-08-29 09:56,150.00
2,紫荆服务楼一层北入口,自助缴费(学生公寓水费),30000008,2017-08-29 09:57,5.00
3,紫荆服务楼超市,消费,60000004,2017-08-29 09:59,3.90
4,饮食中心,消费,20000569,2017-08-29 11:50,9.80
5,饮食中心,消费,20001273,2017-08-30 06:54,1.70
6,饮食中心,消费,20001040,2017-08-30 12:17,9.00
7,饮食中心,消费,20001056,2017-08-30 12:18,1.60
8,饮食中心,消费,20001040,2017-08-30 12:30,1.00
9,饮食中心,消费,20000793,2017-08-30 17:59,12.00
10,饮食中心,消费,20000792,2017-08-30 17:59,2.50
11,饮食中心,消费,20001041,2017-08-31 07:42,3.70
12,饮食中心,消费,20001049,2017-08-31 11:48,10.50
13,饮食中心,消费,20001056,2017-08-31 11:50,1.60
14,饮食中心,消费,20000550,2017-08-31 18:09,16.70
15,饮食中心,消费,20000546,2017-08-31 18:11,0.70
16,饮食中心,消费,20000546,2017-08-31 18:22,0.70
17,饮食中心,消费,20000078,2017-09-01 07:02,3.00
18,饮食中心,消费,20000550,2017-09-01 11:40,13.70
19,饮食中心,消费,20000546,2017-09-01 11:42,1.00
20,饮食中心,消费,20000800,2017-09-01 17:31,5.80
21,饮食中心,消费,20000791,2017-09-01 17:36,2.00
22,饮食中心,消费,20003812,2017-09-02 08:48,3.55
23,饮食中心,消费,20000569,2017-09-02 12:29,13.40
24,饮食中心,消费,20003318,2017-09-02 18:30,9.00
25,饮食中心,消费,20003311,2017-09-02 18:31,1.60
26,饮食中心,消费,20003812,2017-09-03 07:27,2.55
27,丁香园西北门厅,领取圈存,30000022,2017-09-03 12:19,150.00
28,饮食中心,消费,20003813,2017-09-03 12:23,10.00
29,饮食中心,消费,20003833,2017-09-03 12:23,1.60
30,饮食中心,消费,20000793,2017-09-03 17:40,12.00
31,饮食中心,消费,20000790,2017-09-03 17:40,1.50
32,饮食中心,消费,20003826,2017-09-04 08:07,5.50
33,饮食中心,消费,20003813,2017-09-04 08:15,1.00
34,饮食中心,消费,20000537,2017-09-04 12:56,1.60
35,饮食中心,消费,20000550,2017-09-04 12:56,10.70
36,饮食中心,消费,20003351,2017-09-04 19:00,7.00
37,饮食中心,消费,20003812,2017-09-05 08:10,3.50
38,饮食中心,消费,20001280,2017-09-05 12:49,5.00
39,饮食中心,消费,20000793,2017-09-05 18:01,12.00
40,饮食中心,消费,20000792,2017-09-05 18:01,3.00
41,饮食中心,消费,20000790,2017-09-05 18:11,3.00
42,饮食中心,消费,20003824,2017-09-06 08:14,1.50
43,饮食中心,消费,20001280,2017-09-06 12:59,6.50
44,饮食中心,消费,20003812,2017-09-07 07:52,3.50
45,饮食中心,消费,20000550,2017-09-07 12:46,13.70
46,饮食中心,消费,20000543,2017-09-07 12:47,1.00
47,饮食中心,消费,20000541,2017-09-07 12:56,1.50
48,饮食中心,消费,20003318,2017-09-07 18:35,9.00
49,饮食中心,消费,20003311,2017-09-07 18:37,1.60
50,饮食中心,消费,20003826,2017-09-08 08:23,3.20
51,饮食中心,消费,20001282,2017-09-08 12:49,10.50
52,饮食中心,消费,20001308,2017-09-08 12:50,1.60
53,清芬园入口东,领取旧卡余额,30000023,2017-09-08 17:15,55.60
54,清芬园入口东,自助缴费(学生公寓水费),30000023,2017-09-08 17:15,5.00
55,清芬园入口东,领取圈存,30000023,2017-09-08 17:16,100.00
56,饮食中心,消费,20002911,2017-09-08 17:28,10.00
57,饮食中心,消费,20003812,2017-09-09 07:30,2.55
58,饮食中心,消费,20003812,2017-09-09 07:44,1.00
59,饮食中心,消费,20000550,2017-09-09 12:51,5.45
60,饮食中心,消费,20000551,2017-09-09 12:51,1.40
61,饮食中心,消费,20000542,2017-09-09 12:52,1.00
62,饮食中心,消费,20000790,2017-09-09 18:06,4.50
63,饮食中心,消费,20003812,2017-09-10 08:19,2.55
64,饮食中心,消费,20003812,2017-09-10 08:28,1.00
65,饮食中心,消费,20001280,2017-09-10 12:26,5.50
66,饮食中心,消费,20003812,2017-09-11 07:49,3.00
67,饮食中心,消费,20003826,2017-09-11 07:58,1.00
68,饮食中心,消费,20002556,2017-09-11 11:58,18.00
69,饮食中心,消费,20002556,2017-09-11 12:02,5.00
70,饮食中心,消费,20000891,2017-09-11 18:07,19.50
71,饮食中心,消费,20000900,2017-09-11 18:12,1.60
72,饮食中心,消费,20000900,2017-09-11 18:21,1.60
73,饮食中心,消费,20000790,2017-09-11 18:25,2.10
74,饮食中心,消费,20003826,2017-09-12 08:33,5.10
75,饮食中心,消费,20003826,2017-09-12 08:42,0.60
76,饮食中心,消费,20001040,2017-09-12 12:20,5.00
77,饮食中心,消费,20000550,2017-09-12 17:20,13.70
78,饮食中心,消费,20000537,2017-09-12 17:20,1.60
79,紫荆服务楼超市,消费,60000015,2017-09-12 17:41,15.50
80,饮食中心,消费,20003826,2017-09-13 08:27,2.10
81,饮食中心,消费,20000569,2017-09-13 11:48,12.20
82,饮食中心,消费,20000827,2017-09-13 17:34,4.95
83,饮食中心,消费,20003812,2017-09-14 08:19,3.30
84,饮食中心,消费,20001280,2017-09-14 12:25,5.50
85,紫荆服务楼一层北入口,领取圈存,30000008,2017-09-14 14:27,200.00
86,紫荆服务楼超市,消费,60000015,2017-09-14 14:48,56.70
87,饮食中心,消费,20003318,2017-09-14 17:51,9.00
88,饮食中心,消费,20003312,2017-09-14 17:52,1.60
89,饮食中心,消费,20003812,2017-09-15 08:50,2.80
90,饮食中心,消费,20001280,2017-09-15 12:21,5.50
91,饮食中心,消费,20000572,2017-09-15 18:06,13.85
92,饮食中心,消费,20003812,2017-09-16 07:49,3.00
93,饮食中心,消费,20002928,2017-09-16 12:42,14.40
94,饮食中心,消费,20003324,2017-09-16 17:53,3.50
95,饮食中心,消费,20003330,2017-09-16 17:54,0.90
96,饮食中心,消费,20003812,2017-09-17 07:53,3.00
97,饮食中心,消费,20002927,2017-09-17 12:25,16.90
98,饮食中心,消费,20003318,2017-09-17 17:57,9.00
99,饮食中心,消费,20003326,2017-09-17 17:59,1.00
100,饮食中心,消费,20003324,2017-09-17 18:11,3.50
101,饮食中心,消费,20003812,2017-09-18 07:17,3.00
102,饮食中心,消费,20002927,2017-09-18 12:35,14.70
103,饮食中心,消费,20000574,2017-09-18 17:23,9.95
104,饮食中心,消费,20003826,2017-09-19 08:32,3.10
105,饮食中心,消费,20003833,2017-09-19 12:08,1.60
106,饮食中心,消费,20003825,2017-09-19 12:09,5.00
107,饮食中心,消费,20003825,2017-09-19 12:18,5.50
108,饮食中心,消费,20001320,2017-09-19 17:15,6.70
109,饮食中心,消费,20001309,2017-09-19 17:15,1.60
110,饮食中心,消费,20003812,2017-09-20 08:11,3.00
111,饮食中心,消费,20003825,2017-09-20 12:22,5.00
112,饮食中心,消费,20003833,2017-09-20 12:23,1.60
113,饮食中心,消费,20000569,2017-09-20 17:27,12.35
114,桃李园西门厅左,领取圈存,30000026,2017-09-20 17:37,150.00
115,桃李园西门厅左,自助缴费(学生公寓水费),30000026,2017-09-20 17:38,4.00
116,饮食中心,消费,20001280,2017-09-21 08:18,5.50
117,饮食中心,消费,20000569,2017-09-21 12:29,13.85
118,饮食中心,消费,20000832,2017-09-21 17:32,6.45
119,饮食中心,消费,20001280,2017-09-22 08:15,5.50
120,饮食中心,消费,20000574,2017-09-22 11:46,13.95
121,饮食中心,消费,20001311,2017-09-22 17:13,4.20
122,饮食中心,消费,20001280,2017-09-22 17:23,1.50
123,饮食中心,消费,20001280,2017-09-23 07:28,4.00
124,饮食中心,消费,20001083,2017-09-23 11:50,6.70
125,饮食中心,消费,20000572,2017-09-23 17:40,11.35
126,饮食中心,消费,20000569,2017-09-23 17:48,4.00
127,饮食中心,消费,20001280,2017-09-24 08:20,4.50
128,饮食中心,消费,20000832,2017-09-24 12:12,6.70
129,紫荆服务楼一层北入口,领取圈存,30000016,2017-09-24 12:28,100.00
130,饮食中心,消费,20000569,2017-09-24 17:44,12.35
131,饮食中心,消费,20001280,2017-09-25 07:14,4.00
132,饮食中心,消费,20001277,2017-09-25 07:20,1.70
133,饮食中心,消费,20003825,2017-09-25 12:32,5.00
134,饮食中心,消费,20000569,2017-09-25 18:02,16.95
135,饮食中心,消费,20000572,2017-09-25 18:22,2.80
136,饮食中心,消费,20001280,2017-09-26 08:00,4.50
137,饮食中心,消费,20000078,2017-09-26 12:22,14.00
138,饮食中心,消费,20001312,2017-09-26 17:20,8.00
139,饮食中心,消费,20001280,2017-09-27 07:28,4.50
140,饮食中心,消费,20001281,2017-09-27 13:16,6.30
141,饮食中心,消费,20000569,2017-09-27 18:02,13.85
142,饮食中心,消费,20001276,2017-09-28 08:01,1.50
143,饮食中心,消费,20000572,2017-09-28 12:26,15.85
144,饮食中心,消费,20000894,2017-09-28 18:19,10.50
145,饮食中心,消费,20000895,2017-09-28 18:19,3.60
146,饮食中心,消费,20001280,2017-09-29 07:21,4.50
147,饮食中心,消费,20001280,2017-09-29 07:28,1.00
148,饮食中心,消费,20003825,2017-09-29 11:47,5.00
149,饮食中心,消费,20001308,2017-09-29 17:55,1.60
150,饮食中心,消费,20001317,2017-09-29 17:56,3.00
151,饮食中心,消费,20001319,2017-09-29 17:57,7.40
152,饮食中心,消费,20001277,2017-09-30 06:59,2.10
153,饮食中心,消费,20001040,2017-09-30 12:26,7.00
154,观畴园大厅,自助缴费(学生公寓水费),30000031,2017-09-30 12:33,5.00
155,观畴园大厅,领取圈存,30000031,2017-09-30 12:34,150.00
156,饮食中心,消费,20001046,2017-09-30 18:17,8.10
157,饮食中心,消费,20003812,2017-10-01 07:01,3.50
158,饮食中心,消费,20001056,2017-10-01 11:38,8.00
159,饮食中心,消费,20001131,2017-10-01 11:49,1.50
160,饮食中心,消费,20001046,2017-10-01 17:38,8.10
161,饮食中心,消费,20001317,2017-10-02 11:44,3.00
162,饮食中心,消费,20001280,2017-10-02 11:45,4.30
163,饮食中心,消费,20001280,2017-10-02 18:20,1.50
164,饮食中心,消费,20001282,2017-10-02 18:20,10.50
165,饮食中心,消费,20003826,2017-10-03 06:23,0.60
166,饮食中心,消费,20003813,2017-10-03 06:45,2.20
167,饮食中心,消费,20003826,2017-10-03 06:48,1.90
168,饮食中心,消费,20003826,2017-10-03 06:50,2.10
169,饮食中心,消费,20000547,2017-10-03 11:47,0.70
170,饮食中心,消费,20000547,2017-10-03 18:06,0.70
171,饮食中心,消费,20000546,2017-10-03 18:07,1.40
172,饮食中心,消费,20000547,2017-10-03 18:18,0.70
173,饮食中心,消费,20003826,2017-10-04 06:41,0.60
174,饮食中心,消费,20003812,2017-10-04 07:04,3.50
175,饮食中心,消费,20003813,2017-10-04 07:05,3.20
176,饮食中心,消费,20000547,2017-10-04 18:24,0.70
177,饮食中心,消费,20000550,2017-10-04 18:31,3.25
178,饮食中心,消费,20000547,2017-10-04 18:38,0.70
179,饮食中心,消费,20003813,2017-10-05 07:04,2.50
180,饮食中心,消费,20000569,2017-10-05 12:08,13.85
181,饮食中心,消费,20000550,2017-10-05 18:16,5.25
182,饮食中心,消费,20000547,2017-10-05 18:17,0.70
183,饮食中心,消费,20003826,2017-10-06 07:02,0.60
184,饮食中心,消费,20003813,2017-10-06 07:17,3.20
185,饮食中心,消费,20000790,2017-10-06 11:57,3.00
186,紫荆服务楼超市,消费,60000012,2017-10-06 16:56,5.00
187,饮食中心,消费,20000805,2017-10-06 17:19,23.46
188,饮食中心,消费,20000792,2017-10-06 17:20,3.00
189,丁香园西北门厅,领取圈存,30000022,2017-10-07 07:35,150.00
190,丁香园西北门厅,自助缴费(学生公寓水费),30000022,2017-10-07 07:36,4.00
191,饮食中心,消费,20003813,2017-10-07 07:36,2.50
192,饮食中心,消费,20003813,2017-10-07 07:43,7.00
193,饮食中心,消费,20003820,2017-10-07 11:42,7.45
194,饮食中心,消费,20003812,2017-10-07 11:50,3.00
195,饮食中心,消费,20001316,2017-10-07 17:10,3.00
196,饮食中心,消费,20001311,2017-10-07 17:10,2.80
197,饮食中心,消费,20001280,2017-10-07 17:11,1.50
198,饮食中心,消费,20003826,2017-10-08 07:06,0.60
199,饮食中心,消费,20003813,2017-10-08 07:25,3.20
200,饮食中心,消费,20001317,2017-10-08 11:52,3.00
201,饮食中心,消费,20001281,2017-10-08 11:53,9.50
202,饮食中心,消费,20001280,2017-10-08 11:54,0.80
203,饮食中心,消费,20001280,2017-10-08 18:03,4.30
204,饮食中心,消费,20001280,2017-10-08 18:09,0.80
205,饮食中心,消费,20003812,2017-10-09 07:00,3.50
206,饮食中心,消费,20001045,2017-10-09 12:30,8.10
207,饮食中心,消费,20003353,2017-10-09 18:07,4.50
208,饮食中心,消费,20000793,2017-10-10 07:06,4.30
209,饮食中心,消费,20000079,2017-10-10 12:23,10.20
210,饮食中心,消费,20000074,2017-10-10 12:27,8.00
211,饮食中心,消费,20001317,2017-10-10 18:45,3.00
212,饮食中心,消费,20001311,2017-10-10 18:46,2.80
213,饮食中心,消费,20001281,2017-10-10 18:48,0.80
214,饮食中心,消费,20001281,2017-10-10 18:54,0.80
215,饮食中心,消费,20001280,2017-10-10 19:00,0.80
216,饮食中心,消费,20000792,2017-10-11 07:04,4.00
217,饮食中心,消费,20001054,2017-10-11 12:25,17.00
218,饮食中心,消费,20000547,2017-10-11 17:39,0.70
219,饮食中心,消费,20000794,2017-10-12 07:05,2.50
220,饮食中心,消费,20000802,2017-10-12 07:06,1.60
221,饮食中心,消费,20001073,2017-10-12 11:43,9.40
222,游泳馆通道机消费,消费,40000103,2017-10-12 21:26,7.00
223,饮食中心,消费,20000793,2017-10-13 07:08,4.00
224,六教A座一层南楼道中厅,领取圈存,30000015,2017-10-13 10:38,150.00
225,饮食中心,消费,20001312,2017-10-13 11:26,8.00
226,饮食中心,消费,20001317,2017-10-13 11:26,3.00
227,饮食中心,消费,20000569,2017-10-13 17:15,11.35
228,饮食中心,消费,20000574,2017-10-13 17:26,4.70
229,饮食中心,消费,20000572,2017-10-13 17:27,1.50
230,饮食中心,消费,20003315,2017-10-14 07:11,2.60
231,饮食中心,消费,20003319,2017-10-14 07:12,1.00
232,饮食中心,消费,20003319,2017-10-14 07:27,1.00
233,饮食中心,消费,20000833,2017-10-14 11:36,5.20
234,饮食中心,消费,20000833,2017-10-14 11:37,1.50
235,紫荆服务楼超市,消费,60000015,2017-10-14 14:24,4.00
236,饮食中心,消费,20000550,2017-10-14 17:57,5.25
237,饮食中心,消费,20000547,2017-10-14 17:59,0.70
238,饮食中心,消费,20000547,2017-10-14 18:06,0.70
239,饮食中心,消费,20001273,2017-10-15 07:14,1.90
240,饮食中心,消费,20000603,2017-10-15 13:02,4.00
241,饮食中心,消费,20000603,2017-10-15 13:06,120.00
242,听涛园门厅,领取圈存,30000037,2017-10-16 07:20,100.00
243,饮食中心,消费,20001273,2017-10-16 07:22,1.70
244,饮食中心,消费,20001054,2017-10-16 12:28,15.50
245,饮食中心,消费,20003344,2017-10-16 17:55,8.20
246,饮食中心,消费,20001277,2017-10-17 07:22,2.10
247,饮食中心,消费,20001280,2017-10-17 12:23,3.80
248,饮食中心,消费,20000827,2017-10-17 17:28,4.95
249,紫荆服务楼超市,消费,60000017,2017-10-17 17:48,2.30
250,紫荆服务楼超市,消费,60000004,2017-10-17 17:49,28.20
251,紫荆服务楼一层北入口,领取圈存,30000009,2017-10-17 17:52,100.00
252,饮食中心,消费,20001277,2017-10-18 07:05,1.40
253,饮食中心,消费,20001311,2017-10-18 12:21,2.80
254,饮食中心,消费,20001280,2017-10-18 12:22,3.80
255,饮食中心,消费,20001319,2017-10-18 17:13,13.90
256,饮食中心,消费,20001317,2017-10-18 17:26,3.00
257,游泳馆通道机消费,消费,40000103,2017-10-18 21:30,7.00
258,饮食中心,消费,20003813,2017-10-19 07:39,3.20
259,丁香园西北门厅,自助缴费(学生公寓水费),30000022,2017-10-19 07:46,4.00
260,饮食中心,消费,20001054,2017-10-19 11:18,8.00
261,饮食中心,消费,20001054,2017-10-19 11:19,9.50
262,饮食中心,消费,20001051,2017-10-19 11:27,7.00
263,饮食中心,消费,20000549,2017-10-19 17:23,5.45
264,饮食中心,消费,20000550,2017-10-19 17:24,8.00
265,饮食中心,消费,20001273,2017-10-20 06:57,6.00
266,饮食中心,消费,20001273,2017-10-20 06:57,1.70
267,饮食中心,消费,20001277,2017-10-20 07:02,0.50
268,饮食中心,消费,20001313,2017-10-20 11:40,3.50
269,饮食中心,消费,20001280,2017-10-20 17:10,2.30
270,饮食中心,消费,20001280,2017-10-20 17:16,1.50
271,饮食中心,消费,20000542,2017-10-20 20:14,1.00
272,饮食中心,消费,20003826,2017-10-21 07:30,1.80
273,饮食中心,消费,20003826,2017-10-21 07:36,0.60
274,饮食中心,消费,20000793,2017-10-22 17:26,12.00
275,饮食中心,消费,20000790,2017-10-22 17:27,1.50
276,饮食中心,消费,20001277,2017-10-23 07:11,1.40
277,饮食中心,消费,20001077,2017-10-23 12:31,13.35
278,饮食中心,消费,20001282,2017-10-23 18:29,6.00
279,饮食中心,消费,20001280,2017-10-23 18:31,0.80
280,饮食中心,消费,20003813,2017-10-24 07:27,2.50
281,饮食中心,消费,20003817,2017-10-24 07:28,0.80
282,丁香园西北门厅,领取圈存,30000022,2017-10-24 07:33,100.00
283,饮食中心,消费,20003817,2017-10-24 07:36,3.30
284,饮食中心,消费,20000830,2017-10-24 18:03,6.45
285,饮食中心,消费,20000838,2017-10-24 18:08,1.60
286,游泳馆通道机消费,消费,40000103,2017-10-24 21:28,7.00
287,饮食中心,消费,20001277,2017-10-25 06:54,1.80
288,饮食中心,消费,20001319,2017-10-25 17:13,2.50
289,饮食中心,消费,20001317,2017-10-25 17:28,3.00
290,饮食中心,消费,20003813,2017-10-26 07:24,1.00
291,饮食中心,消费,20000553,2017-10-27 18:12,8.00
292,饮食中心,消费,20000790,2017-10-28 17:27,8.00
293,饮食中心,消费,20000790,2017-10-28 17:33,1.50
294,饮食中心,消费,20003817,2017-10-29 07:18,2.10
295,饮食中心,消费,20003813,2017-10-29 07:23,1.00
296,饮食中心,消费,20001053,2017-10-29 11:12,7.00
297,饮食中心,消费,20001046,2017-10-29 11:19,8.00
298,饮食中心,消费,20000833,2017-10-29 17:28,5.00
299,饮食中心,消费,20000833,2017-10-29 17:29,1.95
300,饮食中心,消费,20000832,2017-10-29 17:31,5.00
301,饮食中心,消费,20000832,2017-10-29 17:32,5.80
302,游泳馆通道机消费,消费,40000103,2017-10-29 21:27,7.00
303,饮食中心,消费,20003817,2017-10-30 07:06,3.90
304,饮食中心,消费,20003813,2017-10-30 07:08,1.00
305,饮食中心,消费,20001051,2017-10-30 12:33,1.00
306,观畴园大厅,领取圈存,30000032,2017-10-30 12:46,150.00
307,饮食中心,消费,20001319,2017-10-30 17:58,18.60
308,饮食中心,消费,20003817,2017-10-31 07:19,4.60
309,饮食中心,消费,20001049,2017-10-31 12:24,10.50
310,饮食中心,消费,20001051,2017-10-31 12:24,1.00
311,饮食中心,消费,20001319,2017-10-31 17:16,15.20
312,紫荆服务楼超市,消费,60000012,2017-10-31 21:15,20.80
313,饮食中心,消费,20003817,2017-11-01 07:13,5.30
314,饮食中心,消费,20003813,2017-11-01 07:14,1.00
315,饮食中心,消费,20001050,2017-11-01 12:27,17.00
316,饮食中心,消费,20000893,2017-11-01 17:16,20.50
317,游泳馆通道机消费,消费,40000103,2017-11-01 20:04,7.00
318,饮食中心,消费,20003813,2017-11-02 06:45,2.20
319,饮食中心,消费,20003826,2017-11-02 06:46,0.60
320,饮食中心,消费,20003817,2017-11-02 06:54,1.60
321,饮食中心,消费,20000572,2017-11-02 11:48,16.95
322,饮食中心,消费,20000855,2017-11-02 17:41,12.45
323,桃李园西门厅右,领取圈存,30000027,2017-11-03 11:40,150.00
324,饮食中心,消费,20000572,2017-11-03 11:45,11.85
325,饮食中心,消费,20000572,2017-11-03 17:12,11.85
326,饮食中心,消费,20003817,2017-11-04 06:57,4.90
327,饮食中心,消费,20003813,2017-11-04 07:03,1.00
328,饮食中心,消费,20001284,2017-11-04 17:54,4.00
329,饮食中心,消费,20001308,2017-11-04 17:54,1.60
330,饮食中心,消费,20003817,2017-11-05 07:27,3.90
331,饮食中心,消费,20003813,2017-11-05 07:28,1.00
332,饮食中心,消费,20003819,2017-11-05 07:34,1.00
333,饮食中心,消费,20000571,2017-11-05 12:07,8.75
334,饮食中心,消费,20000583,2017-11-05 12:19,6.80
335,饮食广场超市,消费,60000009,2017-11-05 14:22,11.20
336,饮食中心,消费,20001053,2017-11-05 17:34,8.00
337,游泳馆通道机消费,消费,40000103,2017-11-05 21:46,7.00
338,饮食中心,消费,20003813,2017-11-06 06:54,1.00
339,饮食中心,消费,20003817,2017-11-06 06:54,2.40
340,饮食中心,消费,20001075,2017-11-06 12:37,23.10
341,饮食中心,消费,20000550,2017-11-06 18:05,5.25
342,饮食中心,消费,20000547,2017-11-06 18:06,0.70
343,饮食中心,消费,20003813,2017-11-07 07:16,3.20
344,饮食中心,消费,20001319,2017-11-07 11:39,14.20
345,饮食中心,消费,20001309,2017-11-07 17:10,1.80
346,饮食中心,消费,20000827,2017-11-07 17:36,4.50
347,紫荆服务楼一层北入口,领取圈存,30000008,2017-11-07 18:11,150.00
348,饮食中心,消费,20001049,2017-11-08 07:41,2.70
349,饮食中心,消费,20001082,2017-11-08 12:27,8.00
350,饮食中心,消费,20001075,2017-11-08 12:31,12.00
351,饮食中心,消费,20001281,2017-11-08 18:09,5.00
352,饮食中心,消费,20001317,2017-11-08 18:15,3.00
353,游泳馆通道机消费,消费,40000103,2017-11-08 21:33,7.00
354,饮食中心,消费,20003813,2017-11-09 07:15,2.50
355,饮食中心,消费,20003817,2017-11-09 07:16,1.60
356,饮食中心,消费,20003819,2017-11-09 07:22,1.00
357,饮食中心,消费,20001321,2017-11-09 12:07,10.95
358,饮食中心,消费,20003813,2017-11-10 07:21,2.00
359,饮食中心,消费,20001280,2017-11-10 11:59,6.50
360,饮食中心,消费,20002927,2017-11-10 17:30,21.20
361,饮食中心,消费,20001049,2017-11-11 06:52,3.70
362,饮食中心,消费,20001053,2017-11-11 11:47,8.00
363,饮食中心,消费,20000830,2017-11-11 17:40,6.70
364,饮食中心,消费,20000826,2017-11-11 17:41,1.00
365,饮食中心,消费,20001044,2017-11-12 06:53,1.00
366,饮食中心,消费,20001049,2017-11-12 06:53,2.20
367,饮食中心,消费,20001053,2017-11-12 11:26,10.50
368,饮食中心,消费,20003826,2017-11-12 17:28,6.45
369,饮食中心,消费,20001049,2017-11-13 06:55,3.70
370,饮食中心,消费,20000572,2017-11-13 12:30,10.85
371,饮食中心,消费,20000831,2017-11-13 18:32,6.45
372,饮食中心,消费,20000826,2017-11-13 18:34,1.00
373,饮食中心,消费,20000834,2017-11-13 18:41,1.20
374,紫荆服务楼一层北入口,领取圈存,30000009,2017-11-13 19:03,150.00
375,紫荆服务楼超市,消费,60000015,2017-11-13 21:17,20.00
376,饮食中心,消费,20001049,2017-11-14 06:53,3.70
377,饮食中心,消费,20001046,2017-11-14 07:01,1.00
378,饮食中心,消费,20000834,2017-11-14 12:21,1.25
379,饮食中心,消费,20000829,2017-11-14 12:23,6.00
380,饮食中心,消费,20000835,2017-11-14 18:15,10.70
381,饮食中心,消费,20000834,2017-11-14 18:16,0.35
382,饮食中心,消费,20000826,2017-11-14 18:17,1.00
383,饮食中心,消费,20000834,2017-11-14 18:27,1.80
384,饮食中心,消费,20001049,2017-11-15 06:55,3.70
385,饮食中心,消费,20001049,2017-11-15 07:03,1.50
386,艺教中心,消费,60000005,2017-11-15 11:54,80.00
387,饮食中心,消费,20000572,2017-11-15 12:08,10.85
388,饮食中心,消费,20000572,2017-11-15 12:17,3.00
389,六教A座一层南楼道中厅,领取圈存,30000015,2017-11-15 15:15,150.00
390,饮食中心,消费,20000894,2017-11-15 17:16,19.50
391,游泳馆通道机消费,消费,40000103,2017-11-15 21:34,7.00
392,饮食中心,消费,20001049,2017-11-16 07:04,5.20
393,饮食中心,消费,20000572,2017-11-16 12:08,19.35
394,饮食中心,消费,20001047,2017-11-16 17:06,9.00
395,饮食中心,消费,20001053,2017-11-16 17:12,8.00
396,饮食中心,消费,20001049,2017-11-17 07:00,5.20
397,饮食中心,消费,20000572,2017-11-17 12:08,11.85
398,饮食中心,消费,20000832,2017-11-17 17:52,6.70
399,饮食中心,消费,20000830,2017-11-17 18:00,4.20
400,饮食中心,消费,20000834,2017-11-17 18:06,0.90
401,饮食中心,消费,20003813,2017-11-18 07:33,2.50
402,饮食中心,消费,20001053,2017-11-18 11:42,9.00
403,饮食中心,消费,20000830,2017-11-18 17:43,6.25
404,饮食中心,消费,20001049,2017-11-19 06:58,4.90
405,饮食中心,消费,20001047,2017-11-19 07:04,1.00
406,饮食中心,消费,20000569,2017-11-19 11:59,15.35
407,饮食中心,消费,20000572,2017-11-19 17:37,10.45
408,饮食中心,消费,20000572,2017-11-19 17:48,0.40
409,紫荆服务楼一层北入口,领取圈存,30000009,2017-11-19 17:58,150.00
410,游泳馆通道机消费,消费,40000103,2017-11-19 21:30,7.00
411,饮食中心,消费,20001049,2017-11-20 06:57,3.70
412,饮食中心,消费,20001073,2017-11-20 12:32,20.70
413,饮食中心,消费,20000545,2017-11-20 21:59,9.00
414,饮食中心,消费,20000542,2017-11-20 22:02,5.00
415,饮食中心,消费,20003817,2017-11-21 08:30,2.60
416,饮食中心,消费,20000572,2017-11-21 12:01,10.95
417,饮食中心,消费,20000826,2017-11-21 18:11,1.00
418,饮食中心,消费,20000835,2017-11-21 18:14,14.00
419,饮食中心,消费,20000834,2017-11-21 18:15,1.85
420,饮食中心,消费,20000836,2017-11-21 18:17,1.20
421,饮食中心,消费,20001051,2017-11-22 07:02,3.00
422,饮食中心,消费,20000572,2017-11-22 12:26,11.35
423,饮食中心,消费,20000572,2017-11-22 12:38,0.50
424,饮食中心,消费,20003813,2017-11-23 07:38,2.50
425,饮食中心,消费,20000789,2017-11-23 11:28,7.40
426,饮食中心,消费,20000543,2017-11-23 20:08,4.50
427,饮食中心,消费,20000542,2017-11-23 20:12,0.50
428,饮食中心,消费,20000539,2017-11-23 20:15,4.00
429,桃李园西门厅右,领取圈存,30000027,2017-11-23 20:22,100.00
430,桃李园西门厅右,自助缴费(学生公寓水费),30000027,2017-11-23 20:29,5.00
431,饮食中心,消费,20000569,2017-11-24 11:50,9.05
432,饮食中心,消费,20000569,2017-11-24 11:59,0.40
433,饮食中心,消费,20000829,2017-11-24 18:01,6.20
434,饮食中心,消费,20000828,2017-11-24 18:01,0.90
435,饮食中心,消费,20000826,2017-11-24 18:01,1.00
436,饮食中心,消费,20000834,2017-11-24 18:10,1.00
437,饮食中心,消费,20003817,2017-11-25 07:58,1.50
438,饮食中心,消费,20003813,2017-11-25 07:58,3.00
439,饮食中心,消费,20003813,2017-11-25 08:03,1.00
440,饮食中心,消费,20000569,2017-11-25 12:00,11.05
441,饮食中心,消费,20000569,2017-11-25 12:11,0.40
442,饮食中心,消费,20000832,2017-11-25 17:30,6.45
443,游泳馆通道机消费,消费,40000103,2017-11-25 19:57,7.00
444,饮食中心,消费,20001049,2017-11-26 06:57,3.70
445,饮食中心,消费,20001049,2017-11-26 07:02,1.50
446,饮食中心,消费,20000569,2017-11-26 12:17,13.35
447,饮食中心,消费,20000574,2017-11-26 12:28,6.00
448,饮食中心,消费,20000790,2017-11-26 17:02,1.50
449,饮食中心,消费,20000829,2017-11-26 17:08,6.45
450,饮食中心,消费,20000826,2017-11-26 17:09,1.00
451,饮食中心,消费,20001049,2017-11-27 06:56,5.20
452,饮食中心,消费,20001075,2017-11-27 12:27,23.35
453,饮食中心,消费,20001073,2017-11-27 12:44,4.00
454,饮食中心,消费,20001320,2017-11-27 17:13,6.45
455,饮食中心,消费,20001049,2017-11-28 06:59,5.20
456,饮食中心,消费,20001282,2017-11-28 11:45,10.50
457,饮食中心,消费,20001319,2017-11-28 17:25,6.45
458,饮食中心,消费,20001320,2017-11-28 17:30,0.25
459,六教A座一层南楼道中厅,领取圈存,30000015,2017-11-29 15:14,150.00
460,饮食中心,消费,20000792,2017-11-29 17:17,2.50
461,饮食中心,消费,20000885,2017-11-29 17:28,6.00
462,饮食中心,消费,20000893,2017-11-29 17:31,4.00
463,饮食中心,消费,20000792,2017-11-30 18:02,2.50
464,饮食中心,消费,20000830,2017-11-30 18:03,6.45
465,饮食中心,消费,20001049,2017-12-01 06:46,5.20
466,饮食中心,消费,20000792,2017-12-01 11:50,3.00
467,饮食中心,消费,20000832,2017-12-01 11:58,6.00
468,饮食中心,消费,20001319,2017-12-01 17:09,6.70
469,饮食中心,消费,20001319,2017-12-01 17:09,2.50
470,饮食中心,消费,20001049,2017-12-02 06:59,4.90
471,饮食中心,消费,20001048,2017-12-02 07:10,1.00
472,饮食中心,消费,20001316,2017-12-02 12:45,9.50
473,饮食中心,消费,20001320,2017-12-02 17:17,6.45
474,饮食中心,消费,20001318,2017-12-02 17:17,2.50
475,饮食中心,消费,20000544,2017-12-03 19:46,3.50
476,饮食中心,消费,20000542,2017-12-03 19:58,3.40
477,饮食中心,消费,20001049,2017-12-04 06:57,5.20
478,饮食中心,消费,20001049,2017-12-04 07:04,1.00
479,饮食中心,消费,20001321,2017-12-04 12:25,11.20
480,饮食中心,消费,20001320,2017-12-04 17:09,13.70
481,饮食中心,消费,20001046,2017-12-05 07:06,4.10
482,饮食中心,消费,20000074,2017-12-05 12:11,19.20
483,饮食中心,消费,20001320,2017-12-05 17:20,13.70
484,丁香园西北门厅,自助缴费(学生公寓水费),30000022,2017-12-06 07:48,3.00
485,丁香园西北门厅,领取圈存,30000022,2017-12-06 07:48,150.00
486,饮食中心,消费,20003813,2017-12-06 07:49,2.50
487,饮食中心,消费,20000569,2017-12-06 12:36,14.50
488,饮食中心,消费,20000572,2017-12-06 12:44,0.35
489,饮食中心,消费,20001320,2017-12-06 17:12,15.85
490,饮食中心,消费,20001049,2017-12-07 06:55,5.20
491,饮食中心,消费,20001277,2017-12-07 12:15,10.85
492,饮食中心,消费,20001319,2017-12-07 17:28,13.70
493,饮食中心,消费,20001047,2017-12-08 06:55,1.00
494,饮食中心,消费,20001046,2017-12-08 06:56,3.70
495,饮食中心,消费,20000792,2017-12-08 11:41,2.50
496,饮食中心,消费,20000829,2017-12-08 11:44,6.70
497,饮食中心,消费,20000831,2017-12-08 11:51,6.00
498,饮食中心,消费,20001320,2017-12-08 17:17,13.70
499,饮食中心,消费,20003813,2017-12-09 07:06,2.50
500,饮食中心,消费,20003817,2017-12-09 07:13,2.30
501,饮食中心,消费,20001282,2017-12-09 11:38,9.00
502,饮食中心,消费,20001281,2017-12-09 11:39,0.80
503,饮食中心,消费,20001281,2017-12-09 11:59,4.30
504,饮食中心,消费,20000792,2017-12-09 17:17,2.50
505,饮食中心,消费,20000831,2017-12-09 17:18,6.70
506,饮食中心,消费,20001046,2017-12-10 06:58,1.60
507,饮食中心,消费,20001049,2017-12-10 06:59,1.50
508,饮食中心,消费,20001049,2017-12-10 06:59,1.00
509,饮食中心,消费,20000792,2017-12-10 11:45,2.50
510,饮食中心,消费,20000832,2017-12-10 11:47,6.70
511,饮食中心,消费,20000790,2017-12-10 11:58,3.00
512,饮食中心,消费,20001320,2017-12-10 17:25,13.70
513,饮食中心,消费,20003817,2017-12-11 07:27,4.80
514,饮食中心,消费,20003813,2017-12-11 07:33,1.00
515,六教A座一层南楼道中厅,领取圈存,30000015,2017-12-11 07:42,150.00
516,饮食中心,消费,20000079,2017-12-11 12:29,12.20
517,饮食中心,消费,20000079,2017-12-11 12:42,1.40
518,饮食中心,消费,20002927,2017-12-11 17:17,12.40
519,饮食中心,消费,20003817,2017-12-12 07:17,4.80
520,饮食中心,消费,20000792,2017-12-12 11:42,2.50
521,饮食中心,消费,20000831,2017-12-12 11:45,6.70
522,饮食中心,消费,20000828,2017-12-12 11:51,0.90
523,饮食中心,消费,20000834,2017-12-12 11:58,1.00
524,饮食中心,消费,20001320,2017-12-12 17:55,17.95
525,饮食中心,消费,20001049,2017-12-13 07:01,2.50
526,饮食中心,消费,20001046,2017-12-13 07:03,1.60
527,饮食中心,消费,20001049,2017-12-13 07:09,1.50
528,饮食中心,消费,20001321,2017-12-13 12:16,13.70
529,饮食中心,消费,20001319,2017-12-13 17:10,16.20
530,饮食中心,消费,20003817,2017-12-14 07:49,4.80
531,饮食中心,消费,20003813,2017-12-14 07:56,1.00
532,饮食中心,消费,20001282,2017-12-14 12:37,10.50
533,饮食中心,消费,20001280,2017-12-14 12:39,0.80
534,饮食中心,消费,20001049,2017-12-15 07:04,4.00
535,饮食中心,消费,20001321,2017-12-15 11:52,13.70
536,饮食中心,消费,20003817,2017-12-16 08:42,4.80
537,饮食中心,消费,20003813,2017-12-16 08:48,1.00
538,饮食中心,消费,20000792,2017-12-16 12:47,2.50
539,饮食中心,消费,20000830,2017-12-16 12:48,6.70
540,饮食中心,消费,20000833,2017-12-16 17:11,1.50
541,饮食中心,消费,20000832,2017-12-16 17:12,1.45
542,紫荆园西门厅,领取圈存,30000028,2017-12-16 17:25,150.00
543,饮食中心,消费,20003813,2017-12-17 08:23,3.20
544,饮食中心,消费,20000832,2017-12-17 12:56,6.70
545,饮食中心,消费,20000826,2017-12-17 12:56,1.00
546,饮食中心,消费,20000831,2017-12-17 13:02,0.35
547,饮食中心,消费,20001321,2017-12-17 17:33,13.45
548,饮食中心,消费,20003817,2017-12-18 07:33,4.80
549,饮食中心,消费,20003813,2017-12-18 07:40,1.00
550,饮食中心,消费,20001053,2017-12-18 12:36,8.00
551,饮食中心,消费,20003813,2017-12-19 07:44,3.20
552,饮食中心,消费,20003817,2017-12-19 07:49,1.50
553,饮食中心,消费,20003813,2017-12-19 07:50,1.00
554,饮食中心,消费,20001281,2017-12-19 11:44,10.30
555,饮食中心,消费,20001319,2017-12-19 17:26,13.70
556,饮食中心,消费,20003813,2017-12-20 08:34,3.20
557,饮食中心,消费,20003351,2017-12-20 12:28,7.00
558,饮食中心,消费,20000892,2017-12-20 17:22,21.00
559,饮食中心,消费,20000652,2017-12-20 22:27,2.50
560,饮食中心,消费,20000540,2017-12-20 22:54,9.50
561,饮食中心,消费,20003318,2017-12-21 07:56,3.40
562,饮食中心,消费,20001319,2017-12-21 12:00,14.20
563,饮食中心,消费,20003352,2017-12-21 18:17,6.00
564,饮食中心,消费,20003350,2017-12-21 18:26,6.00
565,饮食中心,消费,20000544,2017-12-22 08:44,0.90
566,饮食中心,消费,20000542,2017-12-22 08:44,1.00
567,桃李园西门厅左,领取圈存,30000026,2017-12-22 08:48,150.00
568,桃李园西门厅左,自助缴费(学生公寓水费),30000026,2017-12-22 08:49,4.00
569,饮食中心,消费,20001048,2017-12-22 11:49,11.00
570,饮食中心,消费,20001053,2017-12-22 12:05,7.00
571,饮食中心,消费,20003813,2017-12-23 08:37,2.50
572,饮食中心,消费,20000792,2017-12-23 12:21,2.50
573,饮食中心,消费,20000831,2017-12-23 12:23,6.70
574,饮食中心,消费,20001320,2017-12-23 17:40,13.70
575,饮食中心,消费,20003813,2017-12-24 08:36,2.50
576,饮食中心,消费,20000792,2017-12-24 12:02,2.50
577,饮食中心,消费,20000831,2017-12-24 12:03,6.70
578,饮食中心,消费,20001319,2017-12-24 17:34,13.70
579,饮食中心,消费,20001046,2017-12-25 06:32,2.10
580,饮食中心,消费,20001049,2017-12-25 06:33,2.50
581,饮食中心,消费,20001049,2017-12-25 06:41,1.20
582,饮食中心,消费,20001320,2017-12-25 12:24,11.20
583,饮食中心,消费,20000792,2017-12-25 17:09,2.50
584,饮食中心,消费,20000831,2017-12-25 17:12,6.70
585,饮食中心,消费,20001049,2017-12-26 06:35,5.20
586,饮食中心,消费,20001045,2017-12-26 06:47,1.00
587,饮食中心,消费,20000792,2017-12-26 11:43,2.50
588,饮食中心,消费,20000831,2017-12-26 11:46,6.70
589,饮食中心,消费,20001320,2017-12-26 17:22,9.20
590,饮食中心,消费,20003817,2017-12-27 07:16,4.80
591,饮食中心,消费,20003349,2017-12-27 12:29,5.50
592,饮食中心,消费,20003356,2017-12-27 12:32,7.00
593,饮食中心,消费,20000792,2017-12-27 17:45,2.50
594,饮食中心,消费,20000831,2017-12-27 17:45,6.70
595,饮食中心,消费,20000831,2017-12-27 17:51,6.00
596,饮食中心,消费,20000834,2017-12-27 18:02,1.50
597,饮食中心,消费,20001049,2017-12-28 07:01,1.00
598,饮食中心,消费,20001051,2017-12-28 07:06,0.50
599,清芬园入口西,领取圈存,30000025,2017-12-28 11:43,150.00
600,饮食中心,消费,20003349,2017-12-28 11:52,6.00
601,饮食中心,消费,20000792,2017-12-28 17:49,2.50
602,饮食中心,消费,20000832,2017-12-28 17:50,6.70
603,饮食中心,消费,20000832,2017-12-28 17:57,6.00
604,饮食中心,消费,20001049,2017-12-29 07:01,5.20
605,饮食中心,消费,20001046,2017-12-29 07:10,1.60
606,饮食中心,消费,20000831,2017-12-29 11:56,6.45
607,饮食中心,消费,20000826,2017-12-29 11:58,1.00
608,饮食中心,消费,20000792,2017-12-29 17:28,2.50
609,饮食中心,消费,20000830,2017-12-29 17:30,6.70
610,饮食中心,消费,20003819,2017-12-30 07:31,3.00
611,饮食中心,消费,20000792,2017-12-30 17:48,2.50
612,饮食中心,消费,20000831,2017-12-30 17:50,6.70
613,饮食中心,消费,20000826,2017-12-30 18:01,1.00
614,饮食中心,消费,20000826,2017-12-30 18:01,1.00
615,饮食中心,消费,20003812,2017-12-31 08:32,4.50
616,饮食中心,消费,20003826,2017-12-31 08:38,4.10
617,饮食中心,消费,20000790,2017-12-31 12:41,1.50
618,饮食中心,消费,20000831,2017-12-31 12:43,4.90
619,饮食中心,消费,20003350,2017-12-31 16:59,7.00
620,饮食中心,消费,20003346,2017-12-31 17:03,6.00
,,,,,总计:7040.26